Artist,Genre
Megan Thee Stallion,Hip-Hop/R&B
Tyga,Hip-Hop/R&B
Tory Lanez,Hip-Hop/R&B
Flo Rida,Hip-Hop/R&B
Tamar Braxton,Hip-Hop/R&B
Lil Wayne,Rap
"Tyler, the Creator",Rap
Warren G,Rap
Ol' Dirty Bastard,Rap
LL Cool J,Rap
Kane Brown,Country
Blanco Brown,Country
Brett Eldredge,Country
Little Big Town,Country
Frankie Ballard,Country
Pistol Annies,Country
Billy Joel,Rock
George Ezra,Rock
Linkin Park,Rock
Judah & The Lion,Rock
The Strumbellas,Rock
Selena Gomez,Pop
Carly Rae Jepsen,Pop
Miley Cyrus,Pop
Logan Henderson,Pop
One Direction,Pop
